Video_No,Frame_Name,Timestamp,Confidence,Severity,Path
1,video_1,2026-05-06 11:54:16,0.98,Critical,/content/drive/MyDrive/Dataset/Evidence/Fire/video_1
2,video_2,2026-05-06 11:54:16,0.69,Major,/content/drive/MyDrive/Dataset/Evidence/Fire/video_2
3,video_3,2026-05-06 11:54:16,0.88,Critical,/content/drive/MyDrive/Dataset/Evidence/Fire/video_3
4,video_4,2026-05-06 11:54:16,0.68,Major,/content/drive/MyDrive/Dataset/Evidence/Fire/video_4
5,video_5,2026-05-06 11:54:16,0.87,Critical,/content/drive/MyDrive/Dataset/Evidence/Fire/video_5
6,video_6,2026-05-06 11:54:16,0.91,Critical,/content/drive/MyDrive/Dataset/Evidence/Fire/video_6
7,video_7,2026-05-06 11:54:16,0.94,Critical,/content/drive/MyDrive/Dataset/Evidence/Fire/video_7
8,video_8,2026-05-06 11:54:16,0.94,Critical,/content/drive/MyDrive/Dataset/Evidence/Fire/video_8
9,video_9,2026-05-06 11:54:16,0.62,Minor,/content/drive/MyDrive/Dataset/Evidence/Fire/video_9
10,video_10,2026-05-06 11:54:16,0.78,Major,/content/drive/MyDrive/Dataset/Evidence/Fire/video_10
11,video_11,2026-05-06 11:54:16,0.67,Major,/content/drive/MyDrive/Dataset/Evidence/Fire/video_11
12,video_12,2026-05-06 11:54:16,0.88,Critical,/content/drive/MyDrive/Dataset/Evidence/Fire/video_12
13,video_13,2026-05-06 11:54:16,0.65,Major,/content/drive/MyDrive/Dataset/Evidence/Fire/video_13
14,video_14,2026-05-06 11:54:16,0.64,Minor,/content/drive/MyDrive/Dataset/Evidence/Fire/video_14
15,video_15,2026-05-06 11:54:16,0.64,Minor,/content/drive/MyDrive/Dataset/Evidence/Fire/video_15
16,video_16,2026-05-06 11:54:16,0.88,Critical,/content/drive/MyDrive/Dataset/Evidence/Fire/video_16
17,video_17,2026-05-06 11:54:16,0.64,Minor,/content/drive/MyDrive/Dataset/Evidence/Fire/video_17
18,video_18,2026-05-06 11:54:16,0.77,Major,/content/drive/MyDrive/Dataset/Evidence/Fire/video_18
19,video_19,2026-05-06 11:54:16,0.91,Critical,/content/drive/MyDrive/Dataset/Evidence/Fire/video_19
20,video_20,2026-05-06 11:54:16,0.68,Major,/content/drive/MyDrive/Dataset/Evidence/Fire/video_20
21,video_21,2026-05-06 11:54:16,0.88,Critical,/content/drive/MyDrive/Dataset/Evidence/Fire/video_21
22,video_22,2026-05-06 11:54:16,0.98,Critical,/content/drive/MyDrive/Dataset/Evidence/Fire/video_22
23,video_23,2026-05-06 11:54:16,0.67,Major,/content/drive/MyDrive/Dataset/Evidence/Fire/video_23
24,video_24,2026-05-06 11:54:16,0.92,Critical,/content/drive/MyDrive/Dataset/Evidence/Fire/video_24
25,video_25,2026-05-06 11:54:16,0.74,Major,/content/drive/MyDrive/Dataset/Evidence/Fire/video_25
26,video_26,2026-05-06 11:54:16,0.8,Major,/content/drive/MyDrive/Dataset/Evidence/Fire/video_26
27,video_27,2026-05-06 11:54:16,0.93,Critical,/content/drive/MyDrive/Dataset/Evidence/Fire/video_27
28,video_28,2026-05-06 11:54:16,0.95,Critical,/content/drive/MyDrive/Dataset/Evidence/Fire/video_28
29,video_29,2026-05-06 11:54:16,0.78,Major,/content/drive/MyDrive/Dataset/Evidence/Fire/video_29
30,video_30,2026-05-06 11:54:16,0.79,Major,/content/drive/MyDrive/Dataset/Evidence/Fire/video_30
31,video_31,2026-05-06 11:54:16,0.87,Critical,/content/drive/MyDrive/Dataset/Evidence/Fire/video_31
32,video_32,2026-05-06 11:54:16,0.62,Minor,/content/drive/MyDrive/Dataset/Evidence/Fire/video_32
33,video_33,2026-05-06 11:54:16,0.71,Major,/content/drive/MyDrive/Dataset/Evidence/Fire/video_33
34,video_34,2026-05-06 11:54:16,0.62,Minor,/content/drive/MyDrive/Dataset/Evidence/Fire/video_34
35,video_35,2026-05-06 11:54:16,0.99,Critical,/content/drive/MyDrive/Dataset/Evidence/Fire/video_35
36,video_36,2026-05-06 11:54:16,0.62,Minor,/content/drive/MyDrive/Dataset/Evidence/Fire/video_36
37,video_37,2026-05-06 11:54:16,0.75,Major,/content/drive/MyDrive/Dataset/Evidence/Fire/video_37
38,video_38,2026-05-06 11:54:16,0.84,Major,/content/drive/MyDrive/Dataset/Evidence/Fire/video_38
39,video_39,2026-05-06 11:54:16,0.71,Major,/content/drive/MyDrive/Dataset/Evidence/Fire/video_39
40,video_40,2026-05-06 11:54:16,0.7,Major,/content/drive/MyDrive/Dataset/Evidence/Fire/video_40
41,video_41,2026-05-06 11:54:16,0.9,Critical,/content/drive/MyDrive/Dataset/Evidence/Fire/video_41
42,video_42,2026-05-06 11:54:16,0.98,Critical,/content/drive/MyDrive/Dataset/Evidence/Fire/video_42
43,video_43,2026-05-06 11:54:16,0.74,Major,/content/drive/MyDrive/Dataset/Evidence/Fire/video_43
44,video_44,2026-05-06 11:54:16,0.81,Major,/content/drive/MyDrive/Dataset/Evidence/Fire/video_44
45,video_45,2026-05-06 11:54:16,0.8,Major,/content/drive/MyDrive/Dataset/Evidence/Fire/video_45
46,video_46,2026-05-06 11:54:16,0.93,Critical,/content/drive/MyDrive/Dataset/Evidence/Fire/video_46
47,video_47,2026-05-06 11:54:16,0.82,Major,/content/drive/MyDrive/Dataset/Evidence/Fire/video_47
48,video_48,2026-05-06 11:54:16,0.71,Major,/content/drive/MyDrive/Dataset/Evidence/Fire/video_48
49,video_49,2026-05-06 11:54:16,0.89,Critical,/content/drive/MyDrive/Dataset/Evidence/Fire/video_49
50,video_50,2026-05-06 11:54:16,0.96,Critical,/content/drive/MyDrive/Dataset/Evidence/Fire/video_50
51,video_51,2026-05-06 11:54:16,0.83,Major,/content/drive/MyDrive/Dataset/Evidence/Fire/video_51
52,video_52,2026-05-06 11:54:16,0.9,Critical,/content/drive/MyDrive/Dataset/Evidence/Fire/video_52
53,video_53,2026-05-06 11:54:16,0.86,Critical,/content/drive/MyDrive/Dataset/Evidence/Fire/video_53
54,video_54,2026-05-06 11:54:16,0.68,Major,/content/drive/MyDrive/Dataset/Evidence/Fire/video_54
55,video_55,2026-05-06 11:54:16,0.96,Critical,/content/drive/MyDrive/Dataset/Evidence/Fire/video_55
56,video_56,2026-05-06 11:54:16,0.74,Major,/content/drive/MyDrive/Dataset/Evidence/Fire/video_56
57,video_57,2026-05-06 11:54:16,0.69,Major,/content/drive/MyDrive/Dataset/Evidence/Fire/video_57
58,video_58,2026-05-06 11:54:16,0.9,Critical,/content/drive/MyDrive/Dataset/Evidence/Fire/video_58
59,video_59,2026-05-06 11:54:16,0.83,Major,/content/drive/MyDrive/Dataset/Evidence/Fire/video_59
60,video_60,2026-05-06 11:54:16,0.64,Minor,/content/drive/MyDrive/Dataset/Evidence/Fire/video_60
61,video_61,2026-05-06 11:54:16,0.77,Major,/content/drive/MyDrive/Dataset/Evidence/Fire/video_61
62,video_62,2026-05-06 11:54:16,0.87,Critical,/content/drive/MyDrive/Dataset/Evidence/Fire/video_62
63,video_63,2026-05-06 11:54:16,0.78,Major,/content/drive/MyDrive/Dataset/Evidence/Fire/video_63
64,video_64,2026-05-06 11:54:16,0.87,Critical,/content/drive/MyDrive/Dataset/Evidence/Fire/video_64
65,video_65,2026-05-06 11:54:16,0.85,Critical,/content/drive/MyDrive/Dataset/Evidence/Fire/video_65
66,video_66,2026-05-06 11:54:16,0.94,Critical,/content/drive/MyDrive/Dataset/Evidence/Fire/video_66
67,video_67,2026-05-06 11:54:16,0.74,Major,/content/drive/MyDrive/Dataset/Evidence/Fire/video_67
68,video_68,2026-05-06 11:54:16,0.98,Critical,/content/drive/MyDrive/Dataset/Evidence/Fire/video_68
69,video_69,2026-05-06 11:54:16,0.79,Major,/content/drive/MyDrive/Dataset/Evidence/Fire/video_69
70,video_70,2026-05-06 11:54:16,0.72,Major,/content/drive/MyDrive/Dataset/Evidence/Fire/video_70
71,video_71,2026-05-06 11:54:16,0.8,Major,/content/drive/MyDrive/Dataset/Evidence/Fire/video_71
72,video_72,2026-05-06 11:54:16,0.71,Major,/content/drive/MyDrive/Dataset/Evidence/Fire/video_72
73,video_73,2026-05-06 11:54:16,0.79,Major,/content/drive/MyDrive/Dataset/Evidence/Fire/video_73
74,video_74,2026-05-06 11:54:16,0.82,Major,/content/drive/MyDrive/Dataset/Evidence/Fire/video_74
75,video_75,2026-05-06 11:54:16,0.89,Critical,/content/drive/MyDrive/Dataset/Evidence/Fire/video_75
76,video_76,2026-05-06 11:54:16,0.6,Minor,/content/drive/MyDrive/Dataset/Evidence/Fire/video_76
77,video_77,2026-05-06 11:54:16,0.64,Minor,/content/drive/MyDrive/Dataset/Evidence/Fire/video_77
78,video_78,2026-05-06 11:54:16,0.79,Major,/content/drive/MyDrive/Dataset/Evidence/Fire/video_78
79,video_79,2026-05-06 11:54:16,0.84,Major,/content/drive/MyDrive/Dataset/Evidence/Fire/video_79
80,video_80,2026-05-06 11:54:16,0.97,Critical,/content/drive/MyDrive/Dataset/Evidence/Fire/video_80
81,video_81,2026-05-06 11:54:16,0.99,Critical,/content/drive/MyDrive/Dataset/Evidence/Fire/video_81
82,video_82,2026-05-06 11:54:16,0.89,Critical,/content/drive/MyDrive/Dataset/Evidence/Fire/video_82
83,video_83,2026-05-06 11:54:16,0.98,Critical,/content/drive/MyDrive/Dataset/Evidence/Fire/video_83
84,video_84,2026-05-06 11:54:16,0.73,Major,/content/drive/MyDrive/Dataset/Evidence/Fire/video_84
85,video_85,2026-05-06 11:54:16,0.66,Major,/content/drive/MyDrive/Dataset/Evidence/Fire/video_85
86,video_86,2026-05-06 11:54:16,0.91,Critical,/content/drive/MyDrive/Dataset/Evidence/Fire/video_86
87,video_87,2026-05-06 11:54:16,0.86,Critical,/content/drive/MyDrive/Dataset/Evidence/Fire/video_87
88,video_88,2026-05-06 11:54:16,0.89,Critical,/content/drive/MyDrive/Dataset/Evidence/Fire/video_88
89,video_89,2026-05-06 11:54:16,0.75,Major,/content/drive/MyDrive/Dataset/Evidence/Fire/video_89
90,video_90,2026-05-06 11:54:16,0.9,Critical,/content/drive/MyDrive/Dataset/Evidence/Fire/video_90
